{"train_loss_step": 2.820108413696289, "train_acc_step": 0.7083333134651184, "epoch": 2, "trainer/global_step": 359, "_step": 63, "_runtime": 652, "_timestamp": 1630569070, "val_loss_step": 2.1805918216705322, "val_acc_step": 0.8333333134651184, "val_loss_epoch": 3.3124186992645264, "val_acc_epoch": 0.3779761791229248, "train_loss_epoch": 4.1166300773620605, "train_acc_epoch": 0.36916667222976685}