{"train_loss_step": 0.36230191588401794, "train_acc_step": 0.9583333134651184, "epoch": 11, "trainer/global_step": 983, "_step": 204, "_runtime": 2830, "_timestamp": 1630572166, "val_loss_step": 4.965861797332764, "val_acc_step": 0.8333333134651184, "val_loss_epoch": 5.165701389312744, "val_acc_epoch": 0.19886364042758942, "train_loss_epoch": 0.6878402233123779, "train_acc_epoch": 0.23743589222431183}